Rule_ID,Domain,Sub_Category,Rule_Name,Rule_Type,Regulatory_Standards_Source,Jurisdiction_Scope,Trigger_Condition,Business_Logic_Threshold,Precedence_Conflict_Resolution,Lifecycle_Phase,Owning_System_Domain_Holon,Source_Document,Notes
PAY-001,Payroll & Tax,Wage & Hour,Federal FLSA Exemption Salary Threshold & Duties Test,Threshold,FLSA (federal),Federal,Employee classified exempt/non-exempt for payroll processing,Salary must meet federal minimum salary level AND pass duties test to qualify exempt,Overridden by any higher state threshold (see PAY-002),Run,Payroll & Tax Domain Holon (isp-pay),DOC1,Monitored continuously as DOL updates federal levels.
PAY-002,Payroll & Tax,Wage & Hour,State Exemption Salary Thresholds Override Federal,Obligation,"State labor codes (e.g., CA, NY, WA)","State (CA, NY, WA, others)",State threshold exists for worker's jurisdiction,"Effective threshold = MAX(federal, applicable state threshold)",Most-stringent-rule / highest-employee-protection principle (GOV-009),Run,Payroll & Tax Domain Holon,DOC1; DOC3,Cross-jurisdiction resolution executed via Rule Harmonization Engine SPARQL scan (GOV-008).
PAY-003,Payroll & Tax,Worker Classification,DOL Multi-Factor Economic Reality Test,Obligation,DOL / Fair Labor Standards Act,Federal,Worker engaged as 1099 independent contractor,Apply multi-factor economic-reality analysis before contractor classification is finalized,Superseded by stricter state ABC test where applicable (PAY-004),Run,Payroll & Tax Domain Holon,DOC1,
PAY-004,Payroll & Tax,Worker Classification,State 'ABC' Test for Contractor Status,Prohibition,"State statutes (e.g., CA AB5-style ABC tests)",State,Worker engaged as 1099 in an ABC-test state,"Contractor status denied unless all 3 ABC prongs satisfied (control, outside usual course of business, independently established trade)",Takes precedence over federal economic-reality test when state test is stricter,Run,Payroll & Tax Domain Holon,DOC1,
PAY-005,Payroll & Tax,Overtime,California Daily Overtime - Tier 1,Obligation,California Labor Code Section 510,US-CA,Non-exempt worker's daily hours > 8.0 and <= 12.0,Overtime rate multiplier = 1.5x base rate,N/A - jurisdiction-specific daily rule overrides federal weekly-only threshold,Run,Payroll & Tax Domain Holon (isp-pay:CADailyOvertimeNorm),DOC3,Canonical LKIF Obligation + SHACL Shape isp-pay:CADailyOvertimeShape; compiled to dbt/SQL check + OPA/Rego policy.
PAY-006,Payroll & Tax,Overtime,California Daily Overtime - Tier 2 (Double-Time),Obligation,California Labor Code Section 510,US-CA,Non-exempt worker's daily hours > 12.0,Overtime rate multiplier = 2.0x base rate,N/A,Run,Payroll & Tax Domain Holon,DOC3,"Same compiled artifact family as PAY-005 (excessDailyThresholdHours=12.0, excessRateMultiplier=2.0)."
PAY-007,Payroll & Tax,Overtime,Alaska & Nevada Daily/24-Hour Overtime Rules,Obligation,AK & NV state labor codes (incl. NV 24-hr rule),"US-AK, US-NV",Non-exempt worker exceeds state daily/24-hour threshold,Apply state-specific daily OT multiplier per jurisdiction rule set,Highest-employee-protection rule governs vs. federal weekly-only standard,Run,Payroll & Tax Domain Holon,DOC1; DOC2,
PAY-008,Payroll & Tax,Overtime,Federal Weekly Overtime (FLSA 40-hour rule),Obligation,FLSA (federal),Federal,Non-exempt worker's workweek hours > 40,Overtime rate multiplier = 1.5x base rate for hours beyond 40/week,Baseline rule; superseded by stricter state daily OT rules where applicable,Run,Payroll & Tax Domain Holon,DOC1; DOC3,
PAY-009,Payroll & Tax,Scheduling,Predictive Scheduling / Fair Workweek Laws,Obligation,State/municipal predictive scheduling ordinances,State/Local (varies),Employer changes posted schedule within statutory notice window,Trigger predictability pay / advance-notice penalty per local ordinance,N/A,Design/Develop,Payroll & Tax Domain Holon,DOC1,
PAY-010,Payroll & Tax,Breaks,Meal & Rest Period Penalty Pay,Obligation,"State meal/rest break statutes (e.g., CA)",State (varies),"Required meal/rest period missed, shortened, or delayed","Assess statutory penalty pay (e.g., one additional hour of pay per violation)",N/A,Run,Payroll & Tax Domain Holon,DOC1,
PAY-011,Payroll & Tax,Multi-State Tax,Multi-State Wage Base & Reciprocal Tax Agreement Logic,Business Logic,State reciprocity agreements,Multi-state,Employee's home and work jurisdictions differ,Apply reciprocal agreement rules to avoid dual state income tax withholding,Reciprocity agreement (if any) overrides default work-state withholding,Design,Payroll & Tax Domain Holon,DOC2; DOC3,Evaluated via SWRL temporal & nexus inference (Step 2 of RCB Enforcement Engine).
PAY-012,Payroll & Tax,Multi-State Tax,SUTA Experience Rating Transfer / Allocation,Obligation,State unemployment insurance statutes,Multi-state,Client workforce spans multiple SUTA jurisdictions,Allocate SUTA tax liability and experience rating per worksite jurisdiction,N/A,Discover/Design,Payroll & Tax Domain Holon,DOC1; DOC2,
PAY-013,Payroll & Tax,Multi-State Tax,State Income Tax (SIT) Withholding by Jurisdiction,Obligation,State tax codes,Multi-state,Payroll run includes worker(s) taxed by state income tax,Withhold SIT based on worked/resident jurisdiction per applicable state rule,Reciprocal agreements override default sourcing (PAY-011),Run,Payroll & Tax Domain Holon,DOC1,
PAY-014,Payroll & Tax,Multi-State Tax,Local/Municipal Withholding Tax Ordinances,Obligation,Local tax ordinances,Local/Municipal,Worksite or residence falls within a local taxing jurisdiction,Withhold and remit local payroll tax per municipal ordinance,N/A,Run,Payroll & Tax Domain Holon,DOC1,
PAY-015,Payroll & Tax,Multi-State Tax,Local Business Registration Nexus Trigger,Threshold,State/local business registration requirements,Local/Municipal,Remote employee establishes sufficient presence in a jurisdiction,Trigger client business registration requirement when nexus threshold is met,N/A,Discover,Payroll & Tax Domain Holon,DOC1,
PAY-016,Payroll & Tax,Wage Calculation,Tip Credit Accounting,Business Logic,FLSA & state tipped-wage rules,Federal/State,Employee classified as tipped worker,Apply permitted tip credit against minimum wage obligation per jurisdiction,State tipped minimum wage overrides federal where higher,Develop,Payroll & Tax Domain Holon,DOC2,
PAY-017,Payroll & Tax,Wage Calculation,Court-Ordered Garnishment Priority Engine,Business Logic,Federal/state garnishment statutes,Federal/State,Court order or agency levy received for an employee,Apply statutory garnishment priority order and withholding limits across concurrent orders,Federal CCPA withholding caps as outer bound; state-specific priority order applied within,Develop,Payroll & Tax Domain Holon,DOC2,
PAY-018,Payroll & Tax,Pay Statements,State Wage Theft Prevention Act - Paystub Itemization,Obligation,State wage theft prevention acts,State (varies),Paystub generated for employee in a covered state,"Include statutory itemizations: accrued sick leave balance, gross/net hours, rate(s) applied",N/A,Deliver,Payroll & Tax Domain Holon,DOC2,
PAY-019,Payroll & Tax,Pay Statements,Direct Deposit Mandate Compliance,Obligation,State direct deposit statutes,State (varies),Employer/employee direct deposit election or state mandate applies,Enforce statutory consent/opt-out rules before disabling paper check option,N/A,Deliver,Payroll & Tax Domain Holon,DOC2,
PAY-020,Payroll & Tax,Pay Statements,Wage Notice Distribution,Obligation,State wage notice statutes,State (varies),New hire onboarded or pay rate changes,Distribute statutory wage rate/notice disclosure within required timeframe,N/A,Deliver,Payroll & Tax Domain Holon,DOC2,
PAY-021,Payroll & Tax,Tax Filing,Federal Form 941 Quarterly Filing,Reporting Deadline,IRS Form 941,Federal,Each calendar quarter close,File Form 941 and remit federal payroll taxes within IRS deadline,N/A,Run,Payroll & Tax Domain Holon,DOC1; DOC2,
PAY-022,Payroll & Tax,Tax Filing,Annual W-2 / 1099-MISC / 1099-NEC Generation,Reporting Deadline,IRS annual information returns,Federal,Calendar year-end,Generate and distribute W-2s and 1099-MISC/NEC forms by IRS deadline,N/A,Run,Payroll & Tax Domain Holon,DOC1; DOC2,
PAY-023,Payroll & Tax,PEO Tax Certification,Quarterly CPEO Tax Attestations,Reporting Deadline,IRC Section 7705 (CPEO),Federal,Each calendar quarter as a Certified PEO,Submit quarterly attestation of timely federal employment tax payments,N/A,Run,Payroll & Tax Domain Holon,DOC1; DOC2,
PAY-024,Payroll & Tax,PEO Tax Certification,Surety Bond Maintenance,Obligation,IRC Section 7705 (CPEO),Federal,Continuous CPEO status,Maintain federal bonding at statutorily required coverage level,N/A,Run,Payroll & Tax Domain Holon,DOC1; DOC2,
PAY-025,Payroll & Tax,Termination,Final Pay Upon Separation - State Timing Rules,Obligation,State final-pay statutes,State (varies),Employee separation (voluntary or involuntary),Issue final wages within state-mandated timeframe (varies by separation type/state),N/A,Run,Payroll & Tax Domain Holon,DOC2,
PAY-026,Payroll & Tax,Wage Calculation,State/Local Minimum Wage Baseline,Threshold,Federal/state/local minimum wage laws,Federal/State/Local,Any payroll calculation for a covered worker,"Effective minimum wage = MAX(federal, state, local) applicable to worksite",Most-stringent/highest-applicable-rate rule (GOV-009),Define/Run,Payroll & Tax Domain Holon,DOC1,
PAY-027,Payroll & Tax,Tax Calculation,SUTA/FUTA Annual Wage Base Ceiling,Threshold,IRS/State unemployment tax rules,Federal/State,New tax year begins,Apply versioned annual SUTA/FUTA wage base ceiling per tax year via temporal SWRL rules,N/A,Run,Payroll & Tax Domain Holon,DOC3,"Activated by WHEN dimension of 5D RCB (TaxYear, PeriodEnd)."
PAY-028,Payroll & Tax,Runtime Control,Simplex Action Gate - High-Value Batch Tax Remittance,Structural Invariant,Internal governance control (STPA/STAMP-informed),N/A - system control,"Batch tax total exceeds automated clearance threshold ($500,000 example)",Suspend automated fund disbursement; require human-in-the-loop authorization before release,N/A,Run,L3 Gateway Holon (RDSG),DOC3,See GOV-015/GOV-016 for the general architecture pattern.
PAY-029,Payroll & Tax,Runtime Control,Unsafe Control Action (UCA) Verification on Gross-to-Net,Structural Invariant,STPA/STAMP safety methodology,N/A - system control,Every gross-to-net batch execution,Verify no negative wage deductions and no double pay disbursements occur before directive compilation,N/A,Run,L3 Gateway Holon (RDSG),DOC3,Step 4 of the Enforcement Engine traversal.
BEN-001,Benefits,ACA,Applicable Large Employer (ALE) Determination,Business Logic,ACA employer mandate,Federal,Client onboarding or annual headcount review,Determine ALE status from full-time + FTE headcount across the controlled group,N/A,Discover,Benefits Domain Holon (isp-ben),DOC1; DOC2,
BEN-002,Benefits,ACA,Look-Back Measurement Method for Variable-Hour Employees,Business Logic,ACA employer mandate,Federal,Employee classified as variable-hour,Apply look-back measurement/stability period to determine full-time status dynamically,N/A,Design,Benefits Domain Holon,DOC1; DOC2,
BEN-003,Benefits,ACA,Affordability Safe Harbor Calculation,Threshold,ACA affordability safe harbor rules,Federal,Employee offered coverage; affordability test required,"Employee cost share for lowest-cost self-only plan must not exceed IRS affordability percentage of pay under a permitted safe harbor (W-2, rate of pay, or FPL)",N/A,Design,Benefits Domain Holon,DOC1; DOC2,
BEN-004,Benefits,ACA,Annual IRS Form 1094-C/1095-C Generation,Reporting Deadline,ACA employer mandate reporting,Federal,Calendar year-end,Generate and file 1094-C/1095-C forms by IRS deadline for all ALE clients,N/A,Run,Benefits Domain Holon,DOC1; DOC2,
BEN-005,Benefits,ERISA Fiduciary,Master Plan Document / MEP-PEP Fiduciary Structure,Structural Invariant,ERISA,Federal,Client enrolled in Multiple/Pooled Employer Plan,Establish fiduciary structure and eligibility standards under the Master Plan Document/MEP-PEP bylaws,N/A,Define,Benefits Domain Holon,DOC1; DOC2,
BEN-006,Benefits,ERISA Fiduciary,Form 5500 Annual Filing,Reporting Deadline,ERISA,Federal,Plan year-end for covered plans,File Form 5500 within ERISA/DOL deadline,N/A,Run,Benefits Domain Holon,DOC1,
BEN-007,Benefits,ERISA Fiduciary,SPD & SMM Disclosure,Obligation,ERISA / DOL electronic disclosure rules,Federal,New plan enrollment or material plan change,"Distribute Summary Plan Description and, upon material modification, Summary of Material Modifications",N/A,Deliver,Benefits Domain Holon,DOC1; DOC2,
BEN-008,Benefits,ERISA Fiduciary,Annual Non-Discrimination Testing (NDT),Reporting Deadline,IRC Section 105/125,Federal,Plan year-end for Section 105/125 plans,Conduct annual non-discrimination testing and remediate failures per IRC rules,N/A,Run,Benefits Domain Holon,DOC1; DOC2,
BEN-009,Benefits,SECURE 2.0,Mandatory Automatic Enrollment/Escalation,Obligation,SECURE 2.0 Act,Federal,New qualifying retirement plan established (post-SECURE 2.0 effective date),Auto-enroll eligible employees at statutory minimum default rate and auto-escalate annually per statute,N/A,Define,Benefits Domain Holon,DOC1; DOC2,
BEN-010,Benefits,SECURE 2.0,Long-Term Part-Time (LTPT) Employee Eligibility Tracking,Threshold,SECURE 2.0 Act,Federal,Part-time employee accrues qualifying consecutive years of service,Track LTPT service-hour thresholds and trigger plan eligibility once statutory threshold is met,N/A,Define,Benefits Domain Holon,DOC1; DOC2,
BEN-011,Benefits,SECURE 2.0,Emergency Savings Account Integration,Permission,SECURE 2.0 Act,Federal,Plan sponsor elects emergency savings account feature,Integrate pension-linked emergency savings account per statutory contribution/withdrawal limits,N/A,Define,Benefits Domain Holon,DOC1,
BEN-012,Benefits,CAA/Transparency,Machine-Readable File (MRF) Disclosure,Obligation,Consolidated Appropriations Act / Transparency in Coverage,Federal,Self-funded/insured group health plan in operation,Publish and maintain machine-readable pricing files per CAA/TiC schedule,N/A,Design,Benefits Domain Holon,DOC1; DOC2,
BEN-013,Benefits,CAA/Transparency,Pharmacy Benefit Reporting (RxDC),Reporting Deadline,Consolidated Appropriations Act,Federal,Annual RxDC reporting cycle,Submit pharmacy benefit and drug cost reporting data per CAA requirements,N/A,Run,Benefits Domain Holon,DOC1,
BEN-014,Benefits,CAA/Transparency,MHPAEA Comparative Analysis,Obligation,Mental Health Parity and Addiction Equity Act,Federal,Plan imposes non-quantitative treatment limitations,Perform and document comparative analysis demonstrating parity between medical/surgical and MH/SUD benefits,N/A,Design,Benefits Domain Holon,DOC1; DOC2,
BEN-015,Benefits,COBRA,Qualifying Event Notification & Premium Billing,Obligation,COBRA,Federal,"Qualifying event occurs (termination, reduction in hours, etc.)",Issue COBRA election notice within statutory window; administer premium billing/collection thereafter,N/A,Deliver/Run,Benefits Domain Holon,DOC1; DOC2,
BEN-016,Benefits,Data Privacy,HIPAA Privacy/Security Rules for Self-Funded Plans,Structural Invariant,HIPAA,Federal,Client sponsors a self-funded health plan,Apply HIPAA privacy/security safeguards to plan PHI handling,Cross-referenced with TEC-004 (HIPAA Security Rule technical controls),Run,Benefits Domain Holon; HR Technology Domain Holon,DOC1,
BEN-017,Benefits,Section 125,Cafeteria Plan Pretax Elections,Permission,IRC Section 125,Federal,Employee elects pretax benefit during enrollment,Process pretax flexible spending/premium elections per Section 125 plan terms,N/A,Define,Benefits Domain Holon,DOC1,
BEN-018,Benefits,Section 125,FSA/HSA Contribution Limit Validation,Threshold,IRC annual FSA/HSA limits,Federal,Employee elects FSA/HSA contribution,Reject/cap elections exceeding IRS annual contribution limit for plan year,N/A,Develop,Benefits Domain Holon,DOC2,
BEN-019,Benefits,Integration,Carrier EDI 834 Enrollment Feed Integration,Business Logic,HIPAA 834 EDI standard,Federal (technical standard),Enrollment/eligibility change submitted,Transmit standardized 834 EDI enrollment transaction to carrier,N/A,Develop,Benefits Domain Holon,DOC2,
BEN-020,Benefits,Disclosure,Summary of Benefits and Coverage (SBC) Distribution,Obligation,ACA / DOL disclosure rules,Federal,Open enrollment or new plan enrollment,Distribute SBC to enrollees within required disclosure window,N/A,Deliver,Benefits Domain Holon,DOC1; DOC2,
BEN-021,Benefits,Enrollment,Open Enrollment Self-Service Workflow,Business Logic,Internal plan administration,N/A,Annual open enrollment window opens,Provide self-service enrollment workflow with statutory disclosures embedded,N/A,Deliver,Benefits Domain Holon,DOC1; DOC2,
BEN-022,Benefits,Enrollment,Qualifying Life Event (QLE) Processing,Business Logic,IRC Section 125 / plan documents,Federal,Employee reports a qualifying life event,Validate QLE eligibility and process off-cycle enrollment change within permitted window,N/A,Run,Benefits Domain Holon,DOC1; DOC2,
CMP-001,Compliance & Risk,OSHA Recordkeeping,OSHA Form 300/300A/301 Electronic Submission,Reporting Deadline,OSHA Injury Tracking Application (ITA),Federal (+ State Plans),Client meets high-hazard industry or covered size threshold,Populate and electronically submit OSHA 300/300A/301 logs via ITA on required schedule,N/A,Run,Compliance & Risk Domain Holon (isp-comp),DOC1; DOC2,
CMP-002,Compliance & Risk,OSHA Recordkeeping,High-Hazard Industry / Covered Size Determination,Threshold,OSHA ITA coverage rules,Federal,Client onboarding or annual re-assessment,Classify client by NAICS/industry code and headcount to determine ITA reporting obligation,N/A,Discover,Compliance & Risk Domain Holon,DOC1; DOC2,
CMP-003,Compliance & Risk,Workplace Violence,CA SB 553 Workplace Violence Prevention Plan,Obligation,California SB 553,US-CA,Client has covered CA workforce,Maintain a written Workplace Violence Prevention Plan (WVPP),N/A,Define,Compliance & Risk Domain Holon,DOC1; DOC2,
CMP-004,Compliance & Risk,Workplace Violence,Violent Incident Log Maintenance,Obligation,California SB 553,US-CA,Violent incident occurs at covered worksite,Log incident per SB 553 recordkeeping requirements,N/A,Run,Compliance & Risk Domain Holon,DOC1,
CMP-005,Compliance & Risk,Workplace Violence,Annual Workplace Violence Prevention Training,Reporting Deadline,California SB 553,US-CA,Annual training cycle for covered employees,Deliver and track completion of annual WVPP training,N/A,Deliver,Compliance & Risk Domain Holon,DOC1,
CMP-006,Compliance & Risk,Environmental Health,State Heat Illness Prevention Procedures,Obligation,"Cal/OSHA, Oregon OSHA, emerging federal OSHA heat rule","US-CA, US-OR, Federal (pending)",Worksite subject to indoor/outdoor heat exposure thresholds,Dispatch state-specific heat illness prevention procedures automatically by jurisdiction/season,Federal rule (once finalized) sets floor; state rules apply where more protective,Run,Compliance & Risk Domain Holon,DOC1,
CMP-007,Compliance & Risk,Workers' Compensation,Master-Policy Underwriting & Multi-State Risk Pooling,Business Logic,State workers' comp statutes,Multi-state,Client enrolled under PEO master workers' comp policy,Pool client risk under master policy; allocate premium via multi-state underwriting model,N/A,Run,Compliance & Risk Domain Holon,DOC1,
CMP-008,Compliance & Risk,Workers' Compensation,Drug-Free Workplace Policy Administration,Permission,State drug-free workplace premium credit statutes,State (varies),Client elects drug-free workplace program,Administer policy and testing program per state requirements for premium credit eligibility,N/A,Define,Compliance & Risk Domain Holon,DOC1,
CMP-009,Compliance & Risk,Workers' Compensation,Light-Duty / Return-to-Work Accommodation Tracking,Business Logic,State workers' comp / ADA overlap,State (varies),Injured employee released for light duty,Track light-duty accommodation offer and RTW status through claim resolution,Coordinated with CMP-011 ADA interactive process where disability overlap exists,Run,Compliance & Risk Domain Holon,DOC1; DOC2,
CMP-010,Compliance & Risk,Workers' Compensation,Workers' Comp Class Codes / NCCI Mapping,Business Logic,National Council on Compensation Insurance (NCCI),Multi-state,Client onboarding or job role change,Map client job roles to NCCI class codes to set premium risk baseline,N/A,Discover,Compliance & Risk Domain Holon,DOC2,
CMP-011,Compliance & Risk,Accommodations,ADA Interactive Accommodation Process,Obligation,Americans with Disabilities Act,Federal,Employee requests disability accommodation,Execute structured interactive process to evaluate and document accommodation,N/A,Design,Compliance & Risk Domain Holon,DOC1; DOC2,
CMP-012,Compliance & Risk,Accommodations,Pregnant Workers Fairness Act (PWFA) Accommodation Workflow,Obligation,PWFA (federal),Federal,Employee requests pregnancy-related accommodation,Execute PWFA-specific accommodation evaluation workflow,N/A,Design,Compliance & Risk Domain Holon,DOC1; DOC2,
CMP-013,Compliance & Risk,Accommodations,PUMP Act Lactation Accommodation Policy,Obligation,PUMP for Nursing Mothers Act (federal),Federal,Nursing employee requests lactation accommodation,Provide compliant space/time accommodation per PUMP Act,N/A,Design,Compliance & Risk Domain Holon,DOC1; DOC2,
CMP-014,Compliance & Risk,Accommodations,State Religious/Disability Interactive Process Variants,Obligation,State civil rights statutes,State (varies),State-specific accommodation request received,Apply state-specific interactive-process variant in addition to federal baseline (ADA),State process applies where more protective than federal ADA baseline,Design,Compliance & Risk Domain Holon,DOC1,
CMP-015,Compliance & Risk,Claims,Digital First Notice of Loss (FNOL) / Claims Intake,Business Logic,Workers' comp claims administration,Multi-state,Workplace injury reported,Capture FNOL digitally and route to claims intake workflow,N/A,Develop,Compliance & Risk Domain Holon,DOC2,
CMP-016,Compliance & Risk,Leave Coordination,FMLA + State PFML Leave Coordination Logic,Business Logic,FMLA (federal) + State PFML statutes,Federal/State,Employee leave request qualifies under both FMLA and a state PFML program,Run concurrent designation logic to prevent duplicate leave-bank consumption or double payment,Concurrent-run (not additive) unless state law specifies otherwise,Develop,Compliance & Risk Domain Holon,DOC2,
CMP-017,Compliance & Risk,Postings,Mandatory Labor Law E-Posting Compliance,Obligation,Federal/state/local posting requirements,Federal/State/Local,"New jurisdiction added to client footprint, or posting requirement updates","Distribute/display required federal, state, and local compliance posters (physical and/or electronic)",N/A,Deliver,Compliance & Risk Domain Holon,DOC1; DOC2,
CMP-018,Compliance & Risk,Statutory Leave,"State PFML Withholding, Reporting & Claims Administration",Obligation,"State PFML statutes (MA, WA, NY, NJ, CA, CO, OR, MN, ME, DE, etc.)",State (active PFML states),Employee works in an active PFML state,"Calculate/withhold PFML contributions, report to state agency, and administer claims",N/A,Run,Compliance & Risk Domain Holon,DOC1,
CMP-019,Compliance & Risk,Statutory Leave,Statutory Paid Sick Leave (PSL) Accrual/Carryover/Front-Loading,Business Logic,Municipal/county PSL ordinances (dozens of disparate rules),Local/Municipal/County,Employee works in a jurisdiction with a PSL ordinance,"Apply jurisdiction-specific accrual rate, carryover cap, and/or front-loading election",Most-stringent local ordinance applies where employee is covered by multiple overlapping rules,Define,Compliance & Risk Domain Holon,DOC1; DOC2,
CMP-020,Compliance & Risk,Statutory Leave,Statutory Bereavement Leave Tracking,Obligation,State/local bereavement leave statutes,State/Local (varies),Employee requests bereavement leave in a covered jurisdiction,Track statutory bereavement leave entitlement and usage,N/A,Define,Compliance & Risk Domain Holon,DOC1,
CMP-021,Compliance & Risk,OSHA Recordkeeping,Annual OSHA Log Certification & Submission,Reporting Deadline,OSHA recordkeeping rule,Federal (+ State Plans),Annual certification cycle (typically Feb 1),Certify and submit prior-year OSHA logs by regulatory deadline,N/A,Run,Compliance & Risk Domain Holon,DOC2,
CMP-022,Compliance & Risk,Safety Audits,Client Loss-Control Safety Audits,Business Logic,Internal risk management / workers' comp carrier requirements,N/A,Periodic per client risk tier,Conduct loss-control audit and issue remediation guidance,N/A,Run,Compliance & Risk Domain Holon,DOC2,
TAL-001,Talent Management,Anti-Discrimination,Title VII / ADEA / GINA Hiring Screen,Prohibition,"Title VII, ADEA, GINA (federal)",Federal,Any hiring or employment decision,"Prohibit consideration of protected-class status, age (40+), or genetic information in employment decisions",N/A,Discover,Talent Domain Holon (isp-tal),DOC1,
TAL-002,Talent Management,Selection Procedures,EEOC Uniform Guidelines on Employee Selection Procedures,Obligation,EEOC Uniform Guidelines,Federal,"Client uses a formal selection procedure (test, assessment, structured interview)",Validate selection procedure against adverse-impact standards,N/A,Discover,Talent Domain Holon,DOC2,
TAL-003,Talent Management,AI Hiring,Automated Employment Decision Tool (AEDT) Bias Audit,Obligation,NYC Local Law 144; Colorado AI Act,NYC; US-CO (+ emerging states),Client uses an AEDT/algorithmic tool in hiring or promotion,Conduct and publish independent bias audit before/during AEDT use per statute cadence,N/A,Design,Talent Domain Holon,DOC1; DOC2,
TAL-004,Talent Management,AI Hiring,AEDT Candidate Disclosure Notice,Obligation,NYC Local Law 144; Colorado AI Act,NYC; US-CO,AEDT used to evaluate a candidate,"Provide candidate notice of AEDT use and, where required, an opt-out/alternative process",N/A,Design,Talent Domain Holon,DOC1,
TAL-005,Talent Management,Pay Transparency,State Salary Range Disclosure on Job Postings,Obligation,"State pay transparency laws (CA, CO, NY, MA, IL, etc.)",State (varies),Job requisition posted for role in a covered state,Auto-populate required salary range disclosure on posting before publication,N/A,Define,Talent Domain Holon,DOC1; DOC2,
TAL-006,Talent Management,Pay Transparency,Wage History Ban Enforcement,Prohibition,State wage history ban statutes,State (varies),Candidate interview/offer process in a covered state,Prohibit recruiter/system from requesting or using candidate's prior salary history,N/A,Deliver,Talent Domain Holon,DOC1; DOC2,
TAL-007,Talent Management,Job Design,Standardized Job Description with FLSA Duties Test,Business Logic,FLSA exemption criteria,Federal,New job description created or revised,Embed duties-test criteria in job description template to support correct exemption classification,N/A,Define,Talent Domain Holon,DOC2,
TAL-008,Talent Management,Hiring,Non-Discriminatory Hiring Rubric Standardization,Business Logic,EEOC guidance,Federal,Hiring rubric created for a requisition,Standardize scoring rubric to remove non-job-related criteria,N/A,Define,Talent Domain Holon,DOC1; DOC2,
TAL-009,Talent Management,Performance,Standardized Performance Appraisal Criteria,Business Logic,EEOC / AEDT governance,Federal/State (where AEDT used),Performance review cycle configured,Standardize appraisal criteria; subject algorithmic scoring to AEDT bias-audit rules (TAL-003) if automated,N/A,Design,Talent Domain Holon,DOC1; DOC2,
TAL-010,Talent Management,Background Checks,FCRA-Compliant Background Check Consent Workflow,Obligation,Fair Credit Reporting Act (FCRA),Federal,Background check ordered on a candidate,Obtain FCRA-compliant disclosure and standalone consent before ordering report,N/A,Develop,Talent Domain Holon,DOC1; DOC2,
TAL-011,Talent Management,Background Checks,Pre-Adverse / Adverse Action Notice Sequencing,Obligation,FCRA,Federal,Background check results may lead to adverse hiring decision,"Issue pre-adverse action notice, honor statutory waiting period, then issue adverse action notice if decision stands",N/A,Develop,Talent Domain Holon,DOC1; DOC2,
TAL-012,Talent Management,Training,Statutory Sexual Harassment Prevention Training Cadence,Reporting Deadline,NY state training mandate; CA SB 1343,US-NY (annual); US-CA (biannual),Employee/supervisor tenure reaches statutory training interval,Deliver training on required cadence: NY annual; CA biannual for supervisory and non-supervisory staff,N/A,Develop/Deliver,Talent Domain Holon,DOC1,
TAL-013,Talent Management,Training,Supervisor vs. Non-Supervisor Differentiated Training Tracks,Business Logic,CA SB 1343 and similar state statutes,State (varies),Employee assigned supervisory or non-supervisory role,Route employee to the training track/content matching their statutory role classification,N/A,Develop,Talent Domain Holon,DOC1,
TAL-014,Talent Management,Employment Verification,Form I-9 / E-Verify Digital Employment Verification,Obligation,Immigration Reform and Control Act / E-Verify,Federal,New hire onboarding,Complete digital I-9 within statutory window and run E-Verify where required,N/A,Deliver,Talent Domain Holon,DOC1; DOC2,
TAL-015,Talent Management,Reporting,EEO-1 Component 1 Federal Reporting,Reporting Deadline,EEOC EEO-1 reporting rule,Federal,Client meets EEO-1 filer threshold; annual filing cycle,Aggregate multi-client workforce demographic data and submit EEO-1 Component 1,N/A,Run,Talent Domain Holon,DOC1; DOC2,
TAL-016,Talent Management,Reporting,State Pay Data Reporting,Reporting Deadline,CA CRD Pay Data Report; IL Equal Pay Registration Certificate; similar state statutes,"US-CA, US-IL (+ others)",Client meets state pay-reporting filer threshold; annual/biennial cycle,Aggregate compensation/demographic data and submit state-mandated pay report or certificate,N/A,Run,Talent Domain Holon,DOC1; DOC2,
TAL-017,Talent Management,Training,Mandatory Training Completion Tracking,Business Logic,Various statutory training mandates,Federal/State (varies),Any statutory training assignment issued via LMS,"Track assignment, completion, and re-certification deadlines; escalate non-completion",N/A,Run,Talent Domain Holon,DOC1; DOC2,
TEC-001,HR Technology,Multi-Tenancy,Multi-Tenant Data Isolation Model,Structural Invariant,Internal architecture standard / PEO Client Allocation Matrix,N/A,Any client data access or storage operation,Enforce logical/physical isolation boundaries between client tenants at all data layers,N/A,Discover/Design,HR Technology Domain Holon (isp-tech),DOC1; DOC2; DOC3,Underpins RBAC/ABAC checks such as TEC-021.
TEC-002,HR Technology,Attestation,SOC 1 (SSAE 18) Financial Controls Attestation,Structural Invariant,AICPA SSAE 18 / ISAE 3402,N/A,Annual audit cycle,Maintain and renew SOC 1 Type II attestation covering payroll/financial processing controls,N/A,Define/Run,HR Technology Domain Holon,DOC1; DOC2,
TEC-003,HR Technology,Attestation,SOC 2 Security/Confidentiality/Availability Attestation,Structural Invariant,AICPA SOC 2,N/A,Annual audit cycle,"Maintain and renew SOC 2 Type II attestation covering security, confidentiality, and availability trust criteria",N/A,Define/Run,HR Technology Domain Holon,DOC1; DOC2,
TEC-004,HR Technology,Data Privacy,HIPAA Security Rule Compliance,Structural Invariant,HIPAA Security Rule,Federal,"System handles PHI (e.g., benefits data)","Apply required technical safeguards (access control, encryption, audit controls) to PHI systems",N/A,Define,HR Technology Domain Holon,DOC1; DOC2,
TEC-005,HR Technology,Data Governance,Data Classification Rules (PII / PHI / Financial),Structural Invariant,Internal data governance standard,N/A,Any new data field or system onboarded,"Classify data element as PII, PHI, or financial and apply corresponding handling controls",N/A,Define,HR Technology Domain Holon,DOC1; DOC2,
TEC-006,HR Technology,Data Privacy,State Data Privacy Statute Compliance (CCPA/CPRA and equivalents),Obligation,CCPA/CPRA and other state privacy acts,State (varies),Data subject is a resident of a covered state,"Honor statutory consumer rights (access, deletion, opt-out) per applicable state privacy law",Most-protective applicable state statute governs where subject is covered by multiple,Design,HR Technology Domain Holon,DOC1; DOC2,
TEC-007,HR Technology,Access Control,Role-Based Access Control (RBAC) Governance Baseline,Structural Invariant,Internal security architecture (RBAC/ABAC),N/A,Any system access request,Grant access strictly per assigned role and attribute policy baseline,N/A,Design,HR Technology Domain Holon,DOC1; DOC2,
TEC-008,HR Technology,Audit,Immutable Audit Log Structure,Structural Invariant,Internal architecture standard / SOC 2 requirement,N/A,"Any data access, change, or policy decision","Write immutable, URI-traceable audit log entry for every governed transaction",Underpins GOV-022 complete audit traceability,Design,HR Technology Domain Holon,DOC1; DOC3,
TEC-009,HR Technology,Encryption,Automated Encryption Schema,Structural Invariant,Internal security architecture / HIPAA / SOC 2,N/A,Data at rest or in transit within the platform,Apply automated encryption per data classification tier (TEC-005),N/A,Design,HR Technology Domain Holon,DOC1,
TEC-010,HR Technology,Consent,Consent Tracking Module,Business Logic,State privacy statutes / HIPAA,State/Federal (varies),Data subject grants or revokes consent,Record and enforce consent state for downstream data use,N/A,Design,HR Technology Domain Holon,DOC1,
TEC-011,HR Technology,Data Minimization,Data Minimization Algorithm,Business Logic,State privacy statutes / NIST guidance,State/Federal (varies),Data pipeline processes client/employee data,Limit collected/propagated fields to what is strictly necessary for the governed transaction,N/A,Develop,HR Technology Domain Holon,DOC1,
TEC-012,HR Technology,Data Protection,Automated Masking/Tokenization,Structural Invariant,Internal security architecture / PCI-adjacent practice,N/A,Sensitive field displayed/transmitted outside authorized context,"Mask or tokenize sensitive fields (e.g., SSN, bank account) by default",N/A,Develop,HR Technology Domain Holon,DOC1,
TEC-013,HR Technology,Access Control,SSO/MFA Secure Endpoint Enforcement,Structural Invariant,Internal security architecture,N/A,User authenticates to any self-service or admin portal,Require SSO with MFA before granting session access,Referenced explicitly in compiled runtime policy TEC-021 (session.mfa_authenticated == true),Develop,HR Technology Domain Holon,DOC1; DOC3,
TEC-014,HR Technology,Security Controls,NIST 800-53 Security Control Baseline,Structural Invariant,NIST 800-53,Federal (framework),System authorization/onboarding of new component,Apply NIST 800-53 control baseline before granting system authorization,N/A,Deliver,HR Technology Domain Holon,DOC1,
TEC-015,HR Technology,Portal Administration,Self-Service Portal Access & Admin Role Assignment,Business Logic,Internal access governance,N/A,Client admin or employee onboarded to self-service portal,Provision portal access with role assignment consistent with RBAC baseline (TEC-007),N/A,Deliver,HR Technology Domain Holon,DOC1,
TEC-016,HR Technology,Attestation,Continuous SOC 1/SOC 2 Type II Attestation Cycle,Reporting Deadline,AICPA SSAE 18 / SOC 2,N/A,Ongoing (continuous monitoring period),Maintain continuous evidence collection supporting rolling Type II attestation periods,N/A,Run,HR Technology Domain Holon,DOC1,
TEC-017,HR Technology,Security Testing,Vulnerability & Penetration Testing Cadence,Reporting Deadline,Internal security policy / SOC 2 requirement,N/A,"Scheduled testing interval (e.g., annual/periodic)",Execute vulnerability scans and penetration tests; remediate findings per SLA,N/A,Run,HR Technology Domain Holon,DOC1,
TEC-018,HR Technology,Access Control,Periodic Access Review,Business Logic,Internal access governance / SOC 2,N/A,Scheduled review interval or role/employment change,Review and recertify user access entitlements; revoke stale/excess access,N/A,Run,HR Technology Domain Holon,DOC1,
TEC-019,HR Technology,Data Lifecycle,Data Retention & Destruction Schedule,Obligation,State privacy statutes / internal records policy,State/Federal (varies),Data reaches end of statutory or contractual retention period,Execute automated retention/destruction per schedule tied to data classification,N/A,Run,HR Technology Domain Holon,DOC1,
TEC-020,HR Technology,Continuity,Disaster Recovery / Business Continuity (DR/BCP) Audit,Reporting Deadline,Internal BCP policy / SOC 2 availability criteria,N/A,Scheduled DR/BCP test interval,Execute and document DR/BCP test; remediate gaps before next cycle,N/A,Run,HR Technology Domain Holon,DOC1,
TEC-021,HR Technology,Runtime Policy,Compiled Runtime Access Policy - HIPAA PHI Read Rule,Structural Invariant,Compiled from isp-tech:HIPAASecurityShape (HIPAA Security Rule),N/A,API request to READ_PHI action,Default deny; allow only if user.role == BenefitsAdministrator AND user.tenant_id == resource.client_id AND session.mfa_authenticated == true,Default-deny overridden only by the explicit allow conditions listed,Run,HR Technology Domain Holon (OPA/Rego PEP),DOC3,Example Run-Time PEP artifact compiled from Design-Time SHACL shape.
PEO-001,PEO Operational Standards,Federal Certification,IRS Certified PEO (CPEO) Status,Structural Invariant,IRC Section 7705,Federal,PEO transacts client payroll under CPEO status,Maintain CPEO certification to transmit sole-liability relief to clients for federal employment taxes,N/A,Define/Run,Enterprise (L4) / Payroll & Tax Domain Holon,DOC1,
PEO-002,PEO Operational Standards,Federal Certification,CPEO Annual Independent CPA Audit,Reporting Deadline,IRC Section 7705,Federal,Annual CPEO certification cycle,Complete independent CPA audit required to retain CPEO status,N/A,Run,Enterprise (L4),DOC1,
PEO-003,PEO Operational Standards,Federal Certification,CPEO Federal Bonding Requirement,Obligation,IRC Section 7705,Federal,Continuous CPEO status,Maintain federal bond at required coverage level (duplicate control point with PAY-024),N/A,Run,Enterprise (L4),DOC1,
PEO-004,PEO Operational Standards,Industry Accreditation,ESAC Accreditation - Continuous Financial Monitoring,Structural Invariant,Employer Services Assurance Corporation (ESAC),Industry (national),PEO holds ESAC accreditation,Undergo continuous financial monitoring and operational compliance verification,N/A,Run,Enterprise (L4),DOC1,
PEO-005,PEO Operational Standards,Industry Accreditation,ESAC Client Protection Bond Maintenance,Obligation,ESAC,Industry (national),PEO holds ESAC accreditation,Maintain multi-million dollar client protection bond per ESAC requirement,N/A,Run,Enterprise (L4),DOC1,
PEO-006,PEO Operational Standards,Contractual Governance,Client Allocation Matrix - Statutory Responsibility & Liability Division,Structural Invariant,State PEO Licensing Boards / Model PEO Acts,State (varies),New client Master Services Agreement (MSA) executed,Formalize division of statutory responsibilities and liability limits between PEO and client within the MSA,Serves as the authoritative reference for downstream RBAC/tenant-boundary rules (TEC-001),Define,Enterprise (L4),DOC1; DOC2; DOC3,
PEO-007,PEO Operational Standards,State Licensing,State PEO Licensing Board Registration Compliance,Obligation,State PEO licensing statutes,State (varies),PEO operates in a state requiring PEO licensure,Maintain active state PEO license/registration in each required state,N/A,Run,Enterprise (L4),DOC1,
GOV-001,Governance & Architecture,Core Architecture Principle,Definition-Time vs Run-Time Separation,Structural Invariant,Internal Holonic Semantic Governance Architecture standard,N/A - system-wide,Any statutory rule authored or modified,"Author canonical truth once in RDF/OWL/LKIF/SHACL (Definition-Time); compile and execute against OPA/Rego, dbt/SQL, and agentic guardrails (Run-Time)",N/A,Design-Time/Run-Time,Enterprise (L4),DOC3,Foundational principle underlying all other GOV rules.
GOV-002,Governance & Architecture,Enterprise Governance,Enterprise Semantic Governance Council & CoE Oversight,Structural Invariant,Internal governance charter,N/A,Any proposed change to core ontologies/standards,Route change through Enterprise Semantic Governance Council / Center of Excellence for Architecture Review Board (ARB) approval,N/A,Design-Time,L4 Enterprise Hierarchy,DOC3,
GOV-003,Governance & Architecture,Change Management,DEV/STG/PRD Ontology Lifecycle Gate,Structural Invariant,Internal governance charter,N/A,Ontology/rule change proceeds through environments,"Require promotion gate approval at each of DEV, STG, and PRD stages before production activation",N/A,Design-Time,L4 Enterprise Hierarchy,DOC3,
GOV-004,Governance & Architecture,Core Ontology,Core Entity Model Definition,Structural Invariant,Root Core PEO Ontology (isp-core),N/A,Any domain ontology needs a canonical entity reference,"Reference canonical entity types: ClientCompany, Worker, Jurisdiction, EmploymentType, StatutoryStandard",N/A,Design-Time,Enterprise (L4) / isp-core,DOC3,
GOV-005,Governance & Architecture,Ontology Federation,Domain Ontology Federation via owl:imports,Structural Invariant,Federated ontology standard,N/A,"Domain holon ontology (isp-ben, isp-pay, isp-comp, isp-tal, isp-tech) is instantiated",Federate each domain ontology to the root isp-core ontology via polymorphic inheritance and owl:imports,N/A,Design-Time,L2 Domain Holons,DOC3,
GOV-006,Governance & Architecture,Mediation Layer,Persistent Mapping Graph - Correspondence & Anti-Drift Lineage,Structural Invariant,Lateral Mediation Holon (SAML),N/A,"Canonical ontology concept mapped to a physical implementation (dbt, LookML, Neo4j, vector store)","Maintain 6 correspondence types between canonical concepts and physical implementations, monitored by anti-drift lineage agents",N/A,Design-Time,Lateral Mediation Holon,DOC3,
GOV-007,Governance & Architecture,Identity Resolution,Identity & URI Resolution Registry,Structural Invariant,Lateral Mediation Holon (SAML) / ISO 8000,N/A,Cross-silo identifier encountered,Resolve cross-silo identifiers into canonical Enterprise Entity IDs enforcing the ISO 8000 Uniqueness invariant,N/A,Design-Time,Lateral Mediation Holon,DOC3,
GOV-008,Governance & Architecture,Conflict Resolution,Rule Harmonization Engine - Cross-Jurisdiction Conflict Detection,Business Logic,Lateral Mediation Holon (SAML) / internal SPARQL tooling,N/A - applies across all jurisdictions,"Federal, state, and/or local rules conflict for the same obligation (e.g., FLSA exempt salary vs. CA/NY thresholds; federal vs. municipal minimum wage)","Run SPARQL scan across rule graph: SELECT jurisdiction, MAX(threshold) AS effective threshold; flag overlaps before publication",Resolves to the most-stringent/highest-employee-protection rule (GOV-009),Design-Time,Lateral Mediation Holon,DOC3,
GOV-009,Governance & Architecture,Conflict Resolution,Most-Stringent-Rule / Highest-Employee-Protection Precedence Principle,Structural Invariant,Internal statutory precedence doctrine,N/A - applies across all jurisdictions,Two or more applicable statutory rules conflict or overlap for the same fact pattern,Enforce the rule offering the greatest employee protection / highest applicable standard as the effective rule,"This is the governing precedence principle referenced by PAY-002, PAY-026, TEC-006, CMP-006, CMP-019",Design-Time,Lateral Mediation Holon,DOC3,
GOV-010,Governance & Architecture,AI Grounding,RAG Anchor Index - Vector Embedding Grounding,Structural Invariant,Lateral Mediation Holon (SAML),N/A,Unstructured content is embedded for retrieval-augmented generation,Ground vector embeddings against canonical URIs before runtime retrieval and governance filtering,N/A,Design-Time,Lateral Mediation Holon,DOC3,
GOV-011,Governance & Architecture,Request Processing,Requirement Context Bundle (RCB) - 5D Request Decomposition,Business Logic,RDSG Semantic Gateway Protocol,N/A,Inbound transaction request enters the L3 Gateway Holon,"Decompose request into WHO (persona/tenant/target), WHAT (entity/action), WHEN (period/tax year), WHERE (jurisdiction/domain), WHY (intent/mandate) before execution",N/A,Run-Time,L3 Gateway Holon (RDSG),DOC3,Illustrated end-to-end for a CA/federal multi-state gross-to-net payroll run.
GOV-012,Governance & Architecture,Enforcement,Policy Enforcement Points (PEPs),Structural Invariant,RDSG Semantic Gateway Protocol,N/A,"Any compliance-, security-, or risk-relevant transaction","Evaluate transaction against domain-specific PEPs (e.g., Tax & Payroll PEP, Security PEP) before allowing execution",N/A,Run-Time,L3 Gateway Holon (RDSG),DOC3,
GOV-013,Governance & Architecture,Safety Verification,STPA/STAMP Unsafe Control Action (UCA) Verification,Structural Invariant,STPA/STAMP safety methodology,N/A,"System is about to execute an automated control action (e.g., wage disbursement)","Verify no Unsafe Control Action occurs (e.g., negative wage deduction, duplicate disbursement) before directive compilation",N/A,Run-Time,L3 Gateway Holon (RDSG),DOC3,
GOV-014,Governance & Architecture,AI Reliability,Circuit Breaker & MTBH Monitoring,Structural Invariant,RDSG Semantic Gateway Protocol,N/A,AI/agentic component generates output within a governed workflow,Track Mean Time Between Hallucinations (MTBH); trip circuit breaker and isolate fault domain when threshold is breached,N/A,Run-Time,L3 Gateway Holon (RDSG),DOC3,
GOV-015,Governance & Architecture,Human Oversight,Simplex Action Gate - Irreversible/Destructive Action Interception,Structural Invariant,RDSG Semantic Gateway Protocol,N/A,"System attempts an irreversible, destructive, or legally binding action (e.g., large tax remittance, benefits termination)",Halt autonomous execution and require human-in-the-loop authorization before release,N/A,Run-Time,L3 Gateway Holon (RDSG),DOC3,General pattern; specific instances at PAY-028 and GOV-016.
GOV-016,Governance & Architecture,Human Oversight,Simplex Action Gate Threshold - Batch Tax Remittance Example,Threshold,RDSG Semantic Gateway Protocol (illustrative implementation),N/A,"Batch tax total exceeds automated clearance threshold (example: $500,000)",Suspend automated fund disbursement and generate alert for human-in-the-loop authorization,N/A,Run-Time,L3 Gateway Holon (RDSG),DOC3,Concrete example of GOV-015 applied to Payroll & Tax domain.
GOV-017,Governance & Architecture,Rule Representation,LKIF Deontic Norm + SHACL Shape Dual Representation,Structural Invariant,LKIF Core / W3C SHACL,N/A,Any statutory rule is authored as an L1 Knowledge Holon,Represent the rule as a paired LKIF Deontic statement (permission/obligation/prohibition) plus a SHACL structural invariant shape,N/A,Design-Time,L2 Domain Holons (L1 Knowledge Holons),DOC3,Demonstrated via isp-pay:CADailyOvertimeObligation + isp-pay:CADailyTimesheetShape / CADailyOvertimeShape.
GOV-018,Governance & Architecture,Provenance,Provenance & Change Management - ORSD + KGCL Metadata,Structural Invariant,Ontology Requirements Specification Document (ORSD) / Knowledge Graph Change Language (KGCL),N/A,"Any RDF triple is added, changed, or retired","Bind the change to an ORSD and stamp it with KGCL metadata capturing WHO, WHAT, WHEN, WHERE, WHY",N/A,Design-Time,Enterprise (L4) / L2 Domain Holons,DOC3,
GOV-019,Governance & Architecture,Compilation Pipeline,6-Stage SHACL-to-Policy Compilation Pipeline,Business Logic,Internal Rule Projection Agent tooling,N/A,A canonical SHACL/SWRL/LKIF invariant is ready for runtime deployment,"Execute: 1) Shape Parser, 2) Constraint Extractor, 3) Harmonization Check, 4) Target Mapper, 5) Policy Generator, 6) KGCL Version & Publish",Stage 3 (Harmonization Check) applies GOV-008/GOV-009 before proceeding,Design-Time to Run-Time,Lateral Mediation Holon (Rule Projection Agents),DOC3,Walked through end-to-end for isp-pay:CADailyOvertimeShape.
GOV-020,Governance & Architecture,Compilation Pipeline,Dual Runtime Target Compilation,Business Logic,Internal Rule Projection Agent tooling,N/A,Compiled policy is deployed to a runtime engine,Route batch/data-pipeline enforcement to dbt/SQL (Engine A) and real-time API/gateway enforcement to OPA/Rego (Engine B),N/A,Run-Time,L3 Gateway Holon / L2 Domain Holons,DOC3,Example artifacts: dbt SQL check flagging VIOLATION_CA_DAILY_OT_RATE_INVALID; OPA/Rego calculate_overtime_multiplier policy.
GOV-021,Governance & Architecture,AI Governance,AI Agent Guardrails - Compiled JSON Schema Constraints,Structural Invariant,RDSG Semantic Gateway Protocol,N/A,"Employee/client-facing AI virtual assistant answers a question on leave, 401(k) eligibility, or job descriptions",Inject compiled JSON Schema constraints (Step 5 Compiled AI Directive) at the gateway to prevent hallucinated answers,Paired with GOV-014 Circuit Breaker/MTBH monitoring,Run-Time,L3 Gateway Holon (RDSG),DOC3,
GOV-022,Governance & Architecture,Audit Traceability,Complete Audit Traceability via Immutable URI,Structural Invariant,Internal architecture standard,N/A,Any timesheet rejection or calculated wage line item is produced,Attach an immutable URI on every rejected/calculated record linking back to the specific statutory LKIF/SHACL definition that governed it,N/A,Run-Time,L2 Domain Holons / HR Technology Domain Holon,DOC3,Realized technically via TEC-008 immutable audit log.
GOV-023,Governance & Architecture,SSOT Principle,Single Source of Truth (SSOT) Propagation,Structural Invariant,Internal architecture standard,N/A,"A statutory rule changes (e.g., CA or federal overtime law amendment)",Update the single canonical OWL/SHACL triple once; compilation pipeline (GOV-019) automatically propagates the change to all downstream database engines and microservices,N/A,Design-Time to Run-Time,Enterprise (L4) / Lateral Mediation Holon,DOC3,Core value proposition of the entire architecture for this SSOT dashboard.
GOV-024,Governance & Architecture,Performance Principle,Zero Graph Latency Runtime Principle,Structural Invariant,Internal architecture standard,N/A,Any transactional payroll/benefits/compliance operation executes at runtime,"Execute compiled policy (OPA/Rego, dbt/SQL) directly, without invoking live graph reasoning, to achieve sub-millisecond/microsecond evaluation on client records",N/A,Run-Time,L3 Gateway Holon / L2 Domain Holons,DOC3,
